{
  "timestamp": "2025-11-16T06:10:49.351Z",
  "input": {
    "module": "balok",
    "mode": "desain",
    "dimensi": {
      "h": "400",
      "b": "250",
      "sb": "40"
    },
    "beban": {
      "left": {
        "mu_pos": "36.49",
        "mu_neg": "94",
        "vu": "83.242",
        "tu": "20"
      },
      "center": {
        "mu_pos": "40.65",
        "mu_neg": "0",
        "vu": "83.242",
        "tu": "20"
      },
      "right": {
        "mu_pos": "65.92",
        "mu_neg": "110.03",
        "vu": "83.242",
        "tu": "20"
      }
    },
    "material": {
      "fc": "20",
      "fy": "300",
      "fyt": "300"
    },
    "lanjutan": {
      "lambda": "1",
      "n": "2"
    }
  },
  "output": {
    "status": "sukses",
    "mode": "desain",
    "data": {
      "status": "aman",
      "m": 3,
      "ms1": 2,
      "ms2": 1,
      "Snv": 25,
      "ds1": 60,
      "ds2": 85,
      "ds3": 105,
      "ds": 85,
      "ds_": 60,
      "d": 315,
      "d_": 340,
      "dmin": 315,
      "beta1": 0.85,
      "Kmaks": 5.6896875,
      "tulanganKirinegatif": {
        "Mu": 94,
        "K": 4.210408443212676,
        "a": 91.2262901889179,
        "As": 1292.3724443430035,
        "AsTerpakai": 1417.643684932394,
        "n": 5,
        "rho": 1.8001824570570084,
        "pmin": 0.4666666666666666,
        "pmax": 2.408333333333333,
        "Md": 101.41920681388548,
        "Mn": 112.68800757098387
      },
      "tulanganTengahnegatif": {
        "Mu": 22.006,
        "K": 0.9856834915035974,
        "a": 18.826748724261353,
        "As": 367.5,
        "AsTerpakai": 567.0574739729576,
        "n": 2,
        "rho": 0.7200729828228033,
        "pmin": 0.4666666666666666,
        "pmax": 2.408333333333333,
        "Md": 45.1640159870617,
        "Mn": 50.182239985624115
      },
      "tulanganKanannegatif": {
        "Mu": 110.03,
        "K": 4.928417457517987,
        "a": 110.81142574519711,
        "As": 1569.8285313902923,
        "AsTerpakai": 1701.1724219188727,
        "n": 6,
        "rho": 2.16021894846841,
        "pmin": 0.4666666666666666,
        "pmax": 2.408333333333333,
        "Md": 117.10671491515504,
        "Mn": 130.11857212795005
      },
      "tulanganKiripositif": {
        "Mu": 36.67666666666667,
        "K": 1.410098679994874,
        "a": 29.480020043685876,
        "As": 417.6336172855499,
        "AsTerpakai": 567.0574739729576,
        "n": 2,
        "rho": 0.6671264399681854,
        "pmin": 0.4666666666666666,
        "pmax": 2.408333333333333,
        "Md": 48.991653936379166,
        "Mn": 54.435171040421295
      },
      "tulanganTengahpositif": {
        "Mu": 40.65,
        "K": 1.5628604382929643,
        "a": 32.84352841065568,
        "As": 465.28331915095544,
        "AsTerpakai": 567.0574739729576,
        "n": 2,
        "rho": 0.6671264399681854,
        "pmin": 0.4666666666666666,
        "pmax": 2.408333333333333,
        "Md": 48.991653936379166,
        "Mn": 54.435171040421295
      },
      "tulanganKananpositif": {
        "Mu": 65.92,
        "K": 2.5344098423683197,
        "a": 55.163158731545316,
        "As": 781.4780820302253,
        "AsTerpakai": 850.5862109594364,
        "n": 3,
        "rho": 1.000689659952278,
        "pmin": 0.4666666666666666,
        "pmax": 2.408333333333333,
        "Md": 71.18931427381497,
        "Mn": 79.09923808201664
      },
      "begelkiri": {
        "Vu": "83.24",
        "phiVc": "44.90",
        "Vs": "51.12",
        "Vs_maks": "234.79",
        "Av1": "231.06",
        "Av2": "291.67",
        "Av3": "540.94",
        "Av_u": "540.94",
        "Av_terpakai": "565.49",
        "sTerkecil": "100.0"
      },
      "begeltengah": {
        "Vu": "83.24",
        "phiVc": "44.90",
        "Vs": "51.12",
        "Vs_maks": "234.79",
        "Av1": "231.06",
        "Av2": "291.67",
        "Av3": "540.94",
        "Av_u": "540.94",
        "Av_terpakai": "565.49",
        "sTerkecil": "100.0"
      },
      "begelkanan": {
        "Vu": "83.24",
        "phiVc": "44.90",
        "Vs": "51.12",
        "Vs_maks": "234.79",
        "Av1": "231.06",
        "Av2": "291.67",
        "Av3": "540.94",
        "Av_u": "540.94",
        "Av_terpakai": "565.49",
        "sTerkecil": "100.0"
      },
      "torsikiri": {
        "Tu": "20.000",
        "Tn": "26.667",
        "Acp": "100000",
        "Pcp": "1300",
        "Tu_min": "2.141",
        "perluTorsi": true,
        "A0h": "51496",
        "ph": "932",
        "A0": "43772",
        "At": "1015",
        "A1": "946",
        "Avt": "1556",
        "kontrolBegel1": "231",
        "kontrolBegel2": "292",
        "amanBegel1": true,
        "amanBegel2": true,
        "At_per_S": "1.015",
        "A1_alt": "946",
        "kontrolTorsi": "0.146",
        "amanTorsi": true,
        "n": 4,
        "status": "Aman"
      },
      "torsitengah": {
        "Tu": "20.000",
        "Tn": "26.667",
        "Acp": "100000",
        "Pcp": "1300",
        "Tu_min": "2.141",
        "perluTorsi": true,
        "A0h": "51496",
        "ph": "932",
        "A0": "43772",
        "At": "1015",
        "A1": "946",
        "Avt": "1556",
        "kontrolBegel1": "231",
        "kontrolBegel2": "292",
        "amanBegel1": true,
        "amanBegel2": true,
        "At_per_S": "1.015",
        "A1_alt": "946",
        "kontrolTorsi": "0.146",
        "amanTorsi": true,
        "n": 4,
        "status": "Aman"
      },
      "torsikanan": {
        "Tu": "20.000",
        "Tn": "26.667",
        "Acp": "100000",
        "Pcp": "1300",
        "Tu_min": "2.141",
        "perluTorsi": true,
        "A0h": "51496",
        "ph": "932",
        "A0": "43772",
        "At": "1015",
        "A1": "946",
        "Avt": "1556",
        "kontrolBegel1": "231",
        "kontrolBegel2": "292",
        "amanBegel1": true,
        "amanBegel2": true,
        "At_per_S": "1.015",
        "A1_alt": "946",
        "kontrolTorsi": "0.146",
        "amanTorsi": true,
        "n": 4,
        "status": "Aman"
      }
    },
    "kontrol": {
      "kontrolLentur": {
        "kiri_negatif": {
          "K_aman": true,
          "Md_aman": true,
          "rho_aman": true,
          "kapasitas_aman": true,
          "detail": {
            "K": 4.210408443212676,
            "Kmaks": 5.6896875,
            "Md": 101.41920681388548,
            "Mu": 94,
            "rho": 1.8001824570570084,
            "pmin": 0.4666666666666666,
            "pmax": 2.408333333333333,
            "n": 5,
            "m": 3,
            "ms": 2,
            "max_allowed": 6
          }
        },
        "tengah_negatif": {
          "K_aman": true,
          "Md_aman": true,
          "rho_aman": true,
          "kapasitas_aman": true,
          "detail": {
            "K": 0.9856834915035974,
            "Kmaks": 5.6896875,
            "Md": 45.1640159870617,
            "Mu": 22.006,
            "rho": 0.7200729828228033,
            "pmin": 0.4666666666666666,
            "pmax": 2.408333333333333,
            "n": 2,
            "m": 3,
            "ms": 1,
            "max_allowed": 3
          }
        },
        "kanan_negatif": {
          "K_aman": true,
          "Md_aman": true,
          "rho_aman": true,
          "kapasitas_aman": true,
          "detail": {
            "K": 4.928417457517987,
            "Kmaks": 5.6896875,
            "Md": 117.10671491515504,
            "Mu": 110.03,
            "rho": 2.16021894846841,
            "pmin": 0.4666666666666666,
            "pmax": 2.408333333333333,
            "n": 6,
            "m": 3,
            "ms": 2,
            "max_allowed": 6
          }
        },
        "kiri_positif": {
          "K_aman": true,
          "Md_aman": true,
          "rho_aman": true,
          "kapasitas_aman": true,
          "detail": {
            "K": 1.410098679994874,
            "Kmaks": 5.6896875,
            "Md": 48.991653936379166,
            "Mu": 36.67666666666667,